{"stats":{"minecraft:picked_up":{"minecraft:leather":1,"minecraft:beef":9,"minecraft:rose_bush":4,"minecraft:oak_log":1,"minecraft:dirt":5},"minecraft:mined":{"minecraft:grass":4,"minecraft:grass_block":5,"minecraft:oak_log":1,"minecraft:rose_bush":4,"minecraft:oak_leaves":3},"minecraft:killed":{"minecraft:cow":4},"minecraft:custom":{"minecraft:time_since_rest":3387,"minecraft:crouch_one_cm":112,"minecraft:sprint_one_cm":11326,"minecraft:play_time":3387,"minecraft:walk_one_cm":13339,"minecraft:sneak_time":28,"minecraft:mob_kills":4,"minecraft:jump":121,"minecraft:damage_dealt":400,"minecraft:leave_game":2,"minecraft:time_since_death":3387,"minecraft:total_world_time":3387,"minecraft:fall_one_cm":4565,"minecraft:fly_one_cm":27263},"minecraft:used":{"minecraft:dirt":5,"minecraft:beef":1},"minecraft:crafted":{"minecraft:oak_planks":4}},"DataVersion":3465}